address,altid,app_size,app_state,app_type,area_id,area_name,associated_id,consulted_date,decided_date,description,last_changed,last_different,last_scraped,link,location,location_x,location_y,name,other_fields,postcode,reference,scraper_name,start_date,uid,url,Factory farm
Lodge Farm Sleaford Road Beckingham Lincoln Lincolnshire LN5 0RB,,Small,Undecided,Outline,172,North Kesteven,11/1192/VARCON,2025-03-07,,Addition of an internal access road to improve accessibility around the farm which is operated as a free range egg unit and also to improve biosecurity.,2025-02-26T08:02:25.740581,2025-02-26T02:51:22.023166,2025-02-26T02:51:22.023166,https://www.planit.org.uk/planapplic/NorthKesteven/25/0211/PNAGR/,"{'coordinates': [-0.679425, 53.071752], 'type': 'Point'}",-0.679425,53.071752,NorthKesteven/25/0211/PNAGR,"{'agent_address': 'Station Farm Offices Wansford Road Nafferton Driffield YO25 8NJ United Kingdom', 'agent_company': 'Harrison Pick Ltd', 'agent_name': 'See source', 'applicant_name': 'See source', 'application_type': 'Prior Notification - Agricultural', 'case_officer': 'See source', 'comment_date': '2025-03-07', 'comment_url': 'https://planningonline.n-kesteven.gov.uk/online-applications/applicationDetails.do?activeTab=makeComment&keyVal=SS72XWLLHUC00', 'consultation_end_date': '2025-03-07', 'consultation_start_date': '2025-02-25', 'date_received': '2025-02-24', 'date_validated': '2025-02-24', 'docs_url': 'https://planningonline.n-kesteven.gov.uk/online-applications/applicationDetails.do?activeTab=documents&keyVal=SS72XWLLHUC00', 'easting': 488575.0, 'lat': 53.07175206385516, 'lng': -0.679424945473894, 'map_url': 'https://planningonline.n-kesteven.gov.uk/online-applications/applicationDetails.do?activeTab=map&keyVal=SS72XWLLHUC00', 'n_comments': 0, 'n_constraints': 16, 'n_documents': 5, 'n_statutory_days': 21, 'northing': 353539.0, 'parish': 'Beckingham', 'planning_portal_id': 'PP-13787176', 'source_url': 'https://planningonline.n-kesteven.gov.uk/online-applications/search.do?action=advanced', 'status': 'Registered', 'target_decision_date': '2025-03-17', 'ward_name': 'Navenby And Brant Broughton'}",LN5 0RB,,NorthKesteven,2025-02-24,25/0211/PNAGR,https://planningonline.n-kesteven.gov.uk/online-applications/applicationDetails.do?activeTab=summary&keyVal=SS72XWLLHUC00,True
"Upper Heakley Farm , Ball Lane , Brown Edge , Staffordshire , ST6 8SW",,,Undecided,Outline,220,Staffordshire Moorlands,,2025-03-14,,Application to Determine if Prior Approval is Required for proposed alterations and refurbishment of former milking parlour to single storey one bedroom dwelling.,2025-02-24T08:13:21.951152,2025-02-22T11:34:17.762199,2025-02-22T11:34:17.762199,https://www.planit.org.uk/planapplic/StaffordshireMoorlands/DET/2025/0006/,"{'coordinates': [-2.139932, 53.068737], 'type': 'Point'}",-2.139932,53.068737,StaffordshireMoorlands/DET/2025/0006,"{'agent_address': '11 , The Mount , Leek , Staffordshire , ST13 6QZ', 'agent_name': 'See source', 'applicant_address': 'Ball Lane , Brown Edge , Staffordshire , ST6 8SW', 'applicant_name': 'See source', 'consultation_end_date': '2025-03-14', 'date_received': '2025-02-21', 'decision': 'Awaiting Validation', 'source_url': 'http://publicaccess.staffsmoorlands.gov.uk/portal/servlets/ApplicationSearchServlet', 'status': 'Invalid application', 'ward_name': 'Bagnall and Stanley,'}",ST6 8SW,,StaffordshireMoorlands,2025-02-21,DET/2025/0006,http://publicaccess.staffsmoorlands.gov.uk/portal/servlets/ApplicationSearchServlet?PKID=180887,True
Redhill Barns West Sedgemoor Part Os 8917 South Drove Curry Rivel Langport Somerset TA10 0PJ,,Small,Undecided,Other,211,South Somerset,,,,Notification of intent to Erect an Agricultural Building for livestock housing unit/extension covering an uncovered concrete yard/feeding space.,2025-02-25T08:11:52.250077,2025-02-24T15:32:39.61958,2025-02-24T15:32:39.61958,https://www.planit.org.uk/planapplic/SouthSomerset/25/00390/AGN/,"{'coordinates': [-2.886829, 51.031641], 'type': 'Point'}",-2.886829,51.031641,SouthSomerset/25/00390/AGN,"{'applicant_address': 'Meadow Farm Red Hill Curry Rivel Langport Somerset TA10 0PH United Kingdom', 'applicant_name': 'See source', 'application_type': 'Agricultural notification 28 days', 'comment_url': 'https://publicaccess.southsomerset.gov.uk/online-applications/applicationDetails.do?activeTab=makeComment&keyVal=SRVI7QOWMF900', 'date_received': '2025-02-18', 'date_validated': '2025-02-18', 'docs_url': 'https://ssdc.somerset.gov.uk/planningdocuments?ref_no=25%2F00390%2FAGN', 'easting': 337909.0, 'lat': 51.03164086359204, 'lng': -2.886829488245189, 'map_url': 'https://publicaccess.southsomerset.gov.uk/online-applications/applicationDetails.do?activeTab=map&keyVal=SRVI7QOWMF900', 'n_comments': 0, 'n_documents': 3, 'n_statutory_days': 28, 'northing': 126183.0, 'parish': 'Curry Rivel', 'planning_portal_id': 'PP-13783302', 'source_url': 'https://publicaccess.southsomerset.gov.uk/online-applications/search.do?action=advanced', 'status': 'Awaiting decision', 'target_decision_date': '2025-03-18', 'ward_name': 'CURRY RIVEL AND LANGPORT'}",TA10 0PJ,,SouthSomerset,2025-02-18,25/00390/AGN,https://publicaccess.southsomerset.gov.uk/online-applications/applicationDetails.do?keyVal=SRVI7QOWMF900&activeTab=summary,True
Whitwell House Farm Sherburn House Durham DH1 2SL,,Small,Undecided,Outline,47,Durham,,2025-03-13,,"The building is a steel frame shed, used for storing straw. It is a direct replacement for the shed which recently (19th January 2025) burnt down on this farmstead. The shed is proposed to be moved from the original site for increased safety to livestock should a fire happen in the future; the original shed was connected to cattle housing and handling facilities.",2025-02-26T07:41:10.987109,2025-02-25T05:16:56.468055,2025-02-25T05:16:56.468055,https://www.planit.org.uk/planapplic/CountyDurham/DM/25/00482/PNA/,"{'coordinates': [-1.522203, 54.75593], 'type': 'Point'}",-1.522203,54.75593,CountyDurham/DM/25/00482/PNA,"{'applicant_address': 'Heugh Hall Farm Bowburn Durham DH6 5NJ United Kingdom', 'applicant_name': 'See source', 'application_type': 'Prior Notification Agriculture', 'case_officer': 'See source', 'comment_url': 'https://publicaccess.durham.gov.uk/online-applications/applicationDetails.do?activeTab=makeComment&keyVal=SRW2EOGDLG400', 'consultation_end_date': '2025-03-13', 'consultation_start_date': '2025-02-20', 'date_received': '2025-02-18', 'date_validated': '2025-02-18', 'decided_by': 'Delegated', 'docs_url': 'https://publicaccess.durham.gov.uk/online-applications/applicationDetails.do?activeTab=documents&keyVal=SRW2EOGDLG400', 'easting': 430848.0, 'lat': 54.75592961527924, 'lng': -1.52220260319316, 'map_url': 'https://publicaccess.durham.gov.uk/online-applications/applicationDetails.do?activeTab=map&keyVal=SRW2EOGDLG400', 'n_documents': 3, 'n_statutory_days': 27, 'northing': 540214.0, 'parish': 'Shincliffe', 'planning_portal_id': 'PP-13788379', 'source_url': 'https://publicaccess.durham.gov.uk/online-applications/search.do?action=advanced', 'status': 'Pending Consideration', 'target_decision_date': '2025-03-17', 'ward_name': 'Durham South'}",DH1 2SL,,CountyDurham,2025-02-18,DM/25/00482/PNA,https://publicaccess.durham.gov.uk/online-applications/applicationDetails.do?keyVal=SRW2EOGDLG400&activeTab=summary,True
Land At Sx 431 678 (Ferry Farm) Bere Alston,,Small,Undecided,Other,510,South West Devon,,,,Application to determine if prior approval is required for a proposed clay lined slurry lagoon with excavated hole surrounded with a 1m bund measuring 30m x 30m for use in connection with dairy herd,2025-02-25T08:12:58.804525,2025-02-24T11:28:11.019671,2025-02-24T11:28:11.019671,https://www.planit.org.uk/planapplic/SouthWestDevon/0452/25/AGR/,"{'coordinates': [-4.213199, 50.488946], 'type': 'Point'}",-4.213199,50.488946,SouthWestDevon/0452/25/AGR,"{'agent_address': 'Netherstonhaies Farm Butterleigh Cullompton EX15 1PG', 'agent_name': 'See source', 'applicant_name': 'See source', 'application_type': 'Agricultural Determination', 'case_officer': 'See source', 'date_received': '2025-02-14', 'date_validated': '2025-02-14', 'decision': 'Pending', 'district': 'West Devon', 'easting': 243100.0, 'id_type': 'AGR - Agricultural', 'lat': 50.488945975846526, 'lng': -4.213198848027271, 'map_url': 'https://mapping.swdevon.gov.uk/webmappublic/en-gb/PublicMap/SHWDPlanningSearch?overlayname=Planning%20Applications&schemacolumn=laref&UID=0452/25/AGR', 'n_documents': 3, 'northing': 67800.0, 'parish': 'Bere Ferrers', 'source_url': 'https://westdevon.planning-register.co.uk/Search/Advanced', 'status': 'Under Consideration', 'ward_name': 'Bere Ferrers'}",,,SouthWestDevon,2025-02-14,0452/25/AGR,https://westdevon.planning-register.co.uk/Planning/Display/0452/25/AGR,False
"Prince Of Wales Dock, Robin Rigg Operations Facility, Workington, CA14 1BN",,Small,Undecided,Outline,66,Allerdale,,,,"Certificate of lawful development for a single storey store. This is considered to fall under the Town and Country Planning (General Permitted Development) (England) Order 2015, Schedule 2, Part 8, Class B (b) (specifically, the embarking, disembarking, loading, discharging or transport of passengers, livestock or goods).",2025-02-26T07:30:28.709886,2025-02-14T10:13:41.08275,2025-02-26T02:08:54.872308,https://www.planit.org.uk/planapplic/Allerdale/CLDP/2025/0001/,"{'coordinates': [-3.562066, 54.649982], 'type': 'Point'}",-3.562066,54.649982,Allerdale/CLDP/2025/0001,"{'agent_name': 'See source', 'applicant_name': 'See source', 'application_expires_date': '2025-04-09', 'application_type': 'Lawful development: Proposed use', 'case_officer': 'See source', 'date_validated': '2025-02-12', 'decided_by': 'Delegated Decision', 'n_documents': 5, 'n_statutory_days': 56, 'parish': 'Workington CP', 'planning_portal_id': 'PP-13699858', 'source_url': 'https://cumberlandcouncil.my.site.com/pr3/s/register-view?c__r=Arcus_BE_Public_Register', 'status': 'Under Consultation', 'target_decision_date': '2025-03-13', 'ward_name': 'Seaton'}",CA14 1BN,,Allerdale,2025-02-12,CLDP/2025/0001,https://cumberlandcouncil.my.site.com/pr3/s/planning-application/a3XbG000000KZzJUAW,False
"Upper Green House , Green Lane , Calton , Staffordshire , ST10 3LA",,Small,Undecided,Outline,220,Staffordshire Moorlands,,,,Consultation from Peak District National Park - Proposal: Proposed agricultural building to house and feed livestock,2025-02-25T08:13:16.76685,2025-02-12T13:19:36.978781,2025-02-25T04:34:00.574791,https://www.planit.org.uk/planapplic/StaffordshireMoorlands/CON/2025/0005/,"{'coordinates': [-1.840642, 53.048046], 'type': 'Point'}",-1.840642,53.048046,StaffordshireMoorlands/CON/2025/0005,"{'applicant_name': 'See source', 'application_type': 'Consultation by other authoritites', 'case_officer': 'See source', 'date_received': '2025-02-10', 'date_validated': '2025-02-10', 'decided_by': 'Delegated Decision', 'decision': 'Awaiting Decision', 'n_documents': 1, 'n_statutory_days': 28, 'source_url': 'http://publicaccess.staffsmoorlands.gov.uk/portal/servlets/ApplicationSearchServlet', 'status': 'Valid application received', 'target_decision_date': '2025-03-10'}",ST10 3LA,,StaffordshireMoorlands,2025-02-10,CON/2025/0005,http://publicaccess.staffsmoorlands.gov.uk/portal/servlets/ApplicationSearchServlet?PKID=180830,False
"Land East of Ashes Lane, Nether Staveley, Kendal",,Small,Undecided,Other,356,Lake District,,,,Erection of livestock building.,2025-02-25T07:56:51.685219,2025-02-12T16:33:05.458505,2025-02-25T03:45:26.280445,https://www.planit.org.uk/planapplic/LakeDistrict/7/2025/5065/,"{'coordinates': [-2.809022, 54.362053], 'type': 'Point'}",-2.809022,54.362053,LakeDistrict/7/2025/5065,"{'agent_name': 'See source', 'applicant_name': 'See source', 'application_expires_date': '2025-03-12', 'application_type': 'Notification of Intention (Agricultural, Q6g)', 'case_officer': 'See source', 'date_received': '2025-02-10', 'date_validated': '2025-02-11', 'district': 'South Lakeland', 'easting': 347527.0, 'lat': 54.36205341662382, 'lng': -2.809021988678924, 'n_documents': 4, 'n_statutory_days': 29, 'northing': 496583.0, 'parish': 'Staveley with Ings', 'planning_portal_id': 'PP-13727373', 'source_url': 'https://planning.agileapplications.co.uk/ldnpa/search-applications/', 'status': 'Application being considered', 'target_decision_date': '2025-03-10', 'uprn': 'MAN000000000005819', 'ward_name': 'Upper Kent Ward'}",,,LakeDistrict,2025-02-10,7/2025/5065,https://planning.agileapplications.co.uk/ldnpa/application-details/83681,False
"Studford Farm, High Street, Ampleforth",,Small,Undecided,Outline,358,North York Moors,,2025-03-11,,prior approval for erection of agricultural storage building (no livestock housing) under Part 6,2025-02-25T08:04:15.430449,2025-02-24T12:48:34.322318,2025-02-24T12:48:34.322318,https://www.planit.org.uk/planapplic/NorthYorkMoors/NYM/2025/0087/,"{'coordinates': [-1.113171, 54.213593], 'type': 'Point'}",-1.113171,54.213593,NorthYorkMoors/NYM/2025/0087,"{'agent_name': 'See source', 'applicant_name': 'See source', 'application_expires_date': '2025-04-04', 'application_type': 'Agricultural Determination - prior approval', 'case_officer': 'See source', 'comment_date': '2025-03-12', 'consultation_end_date': '2025-03-11', 'date_received': '2025-02-07', 'date_validated': '2025-02-18', 'district': 'North Yorkshire Council (Rye)', 'docs_url': 'http://planning.northyorkmoors.org.uk/northgate/documentexplorer/application/folderview.aspx?type=NLPL_DC_PLANAPP&key=820134&iWgrnzsWW4I=aH8Pp24Bn4U=', 'easting': 457932.0, 'lat': 54.21359327359402, 'lng': -1.113170558753366, 'map_url': 'https://www.northyorkmoors.org.uk/planning/planning-applications-and-planning-advice/planning-applications/planning-application-map?&inspect_query=appno&inspect_value=NYM/2025/0087&drill_down=true&scale=2048&show_layers=appno&hide_layers=Appeals&show_viewfinder=true&x=873794&y=629016', 'n_documents': 4, 'n_statutory_days': 45, 'northing': 480125.0, 'parish': 'Ampleforth', 'source_url': 'http://planning.northyorkmoors.org.uk/Northgate/PlanningExplorer/GeneralSearch.aspx', 'status': 'REGISTERED', 'ward_name': 'North Yorkshire Council (Rye)'}",,,NorthYorkMoors,2025-02-07,NYM/2025/0087,http://planning.northyorkmoors.org.uk/Northgate/PlanningExplorer/Generic/StdDetails.aspx?PT=PlanningApplicationsOn-Line&TYPE=PL/PlanningPK.xml&PARAM0=820134&XSLT=/Northgate/PlanningExplorer/SiteFiles/Skins/NorthYorkMoors/xslt/PL/PLDetails.xslt&FT=PlanningApplicationDetails&PUBLIC=Y&XMLSIDE=/Northgate/PlanningExplorer/SiteFiles/Skins/NorthYorkMoors/Menus/PL.xml&DAURI=PLANNING,False
Land West Of Brook Farm Road Langham Suffolk,,Small,Undecided,Outline,511,Babergh Mid Suffolk,,2025-03-13,,"Application to determine if prior approval is required for a proposed: Installation, Alteration or Replacement of other Solar Photovoltaics (PV) equipment on the Roofs on Non-domestic Buildings - The Town and Country Planning (General Permitted Development) (England) Order 2015 (as amended) - Schedule 2, Part 14, Class J - Installation of solar panels on south facing pitch of a poultry house roof",2025-02-26T07:31:36.119969,2025-02-25T18:26:59.944236,2025-02-25T18:26:59.944236,https://www.planit.org.uk/planapplic/BaberghMidSuffolk/DC/25/00122/,"{'coordinates': [0.909565, 52.285813], 'type': 'Point'}",0.909565,52.285813,BaberghMidSuffolk/DC/25/00122,"{'applicant_address': 'Land West Of Brook Farm Road Langham Suffolk', 'applicant_name': 'See source', 'application_type': 'Prior Approval Solar Install NonDomestic', 'case_officer': 'See source', 'comment_date': '2025-03-13', 'comment_url': 'https://planning.baberghmidsuffolk.gov.uk/online-applications/applicationDetails.do?activeTab=makeComment&keyVal=SPXDGTSHL5B00', 'consultation_end_date': '2025-02-28', 'consultation_start_date': '2025-02-07', 'date_received': '2025-02-07', 'date_validated': '2025-02-07', 'docs_url': 'https://planning.baberghmidsuffolk.gov.uk/online-applications/applicationDetails.do?activeTab=documents&keyVal=SPXDGTSHL5B00', 'easting': 598550.0, 'lat': 52.28581312820072, 'lng': 0.9095645466294007, 'map_url': 'https://planning.baberghmidsuffolk.gov.uk/online-applications/applicationDetails.do?activeTab=map&keyVal=SPXDGTSHL5B00', 'n_comments': 1, 'n_constraints': 3, 'n_documents': 7, 'n_statutory_days': 42, 'neighbour_consultation_end_date': '2025-03-03', 'neighbour_consultation_start_date': '2025-02-10', 'northing': 269284.0, 'parish': 'Langham', 'planning_portal_id': 'PP-13687943', 'site_notice_end_date': '2025-03-13', 'site_notice_start_date': '2025-02-20', 'source_url': 'https://planning.baberghmidsuffolk.gov.uk/online-applications/search.do?action=advanced', 'status': 'Awaiting decision', 'target_decision_date': '2025-03-21', 'ward_name': 'Walsham-le-Willows'}",,,BaberghMidSuffolk,2025-02-07,DC/25/00122,https://planning.baberghmidsuffolk.gov.uk/online-applications/applicationDetails.do?activeTab=summary&keyVal=SPXDGTSHL5B00,False
Albury Dairy Honey Lane Selborne Alton Hampshire GU33 6BX,,Small,Undecided,Outline,363,South Downs,,,,Prior approval change of use of former dairy and grain store to a storage unit for tree surgeons vehicles and equipment,2025-02-11T08:07:48.218384,2025-02-10T15:55:46.462568,2025-02-10T15:55:46.462568,https://www.planit.org.uk/planapplic/SouthDowns/SDNP/25/00506/PA3R/,"{'coordinates': [-0.899155, 51.099634], 'type': 'Point'}",-0.899155,51.099634,SouthDowns/SDNP/25/00506/PA3R,"{'applicant_address': 'Estate Office Blackmoor Liss Hampshire GU33 6BS', 'applicant_name': 'See source', 'application_type': 'Prior Approval CoU Agric to Flexi', 'case_officer': 'See source', 'comment_date': '2025-03-07', 'comment_url': 'https://planningpublicaccess.southdowns.gov.uk/online-applications/applicationDetails.do?activeTab=makeComment&keyVal=SR7NFKTUG9B00', 'date_received': '2025-02-06', 'date_validated': '2025-02-06', 'decided_by': 'LA Delegated Decision', 'docs_url': 'https://planningpublicaccess.southdowns.gov.uk/online-applications/applicationDetails.do?activeTab=documents&keyVal=SR7NFKTUG9B00', 'easting': 477178.0, 'lat': 51.09963387470726, 'lng': -0.899155335865731, 'map_url': 'https://planningpublicaccess.southdowns.gov.uk/online-applications/applicationDetails.do?activeTab=map&keyVal=SR7NFKTUG9B00', 'n_documents': 2, 'n_statutory_days': 56, 'northing': 133946.0, 'parish': 'Selborne Parish Council', 'planning_portal_id': 'PP-13748570', 'source_url': 'https://planningpublicaccess.southdowns.gov.uk/online-applications/search.do?action=advanced', 'status': 'Application in Progress', 'target_decision_date': '2025-04-03', 'ward_name': 'Binsted, Bentley & Selborne Ward'}",GU33 6BX,,SouthDowns,2025-02-06,SDNP/25/00506/PA3R,https://planningpublicaccess.southdowns.gov.uk/online-applications/applicationDetails.do?keyVal=SR7NFKTUG9B00&activeTab=summary,False
"Shawhill, Kirkbride, Wigton. CA7 5HW",,Small,Undecided,Outline,66,Allerdale,,,,Proposed installation of approximately 80Kw of PV panels on an existing south facing poultry unit roof,2025-02-26T07:30:28.642473,2025-02-18T12:11:50.667548,2025-02-26T02:09:47.102067,https://www.planit.org.uk/planapplic/Allerdale/REJ/2025/0001/,"{'coordinates': [-3.217734, 54.883774], 'type': 'Point'}",-3.217734,54.883774,Allerdale/REJ/2025/0001,"{'applicant_name': 'See source', 'application_expires_date': '2025-04-02', 'application_type': 'Prior Approval pt14 clsJ Solar PV equipment', 'case_officer': 'See source', 'date_validated': '2025-02-05', 'decided_by': 'Delegated Decision', 'n_documents': 5, 'n_statutory_days': 56, 'parish': 'Holme East Waver CP', 'planning_portal_id': 'PP-13743745', 'source_url': 'https://cumberlandcouncil.my.site.com/pr3/s/register-view?c__r=Arcus_BE_Public_Register', 'status': 'Under Consultation', 'target_decision_date': '2025-03-10', 'ward_name': 'Solway Coast'}",CA7 5HW,,Allerdale,2025-02-05,REJ/2025/0001,https://cumberlandcouncil.my.site.com/pr3/s/planning-application/a3XbG000000Jo2jUAC,False
Site Of Froghall Farm Wyton Road Preston East Riding Of Yorkshire HU12 8TY,,Small,Undecided,Outline,11,East Riding,,,,Erection of an agricultural building for housing livestock,2025-02-12T07:43:46.121452,2025-02-10T21:27:15.809036,2025-02-10T21:27:15.809036,https://www.planit.org.uk/planapplic/EastRiding/25/00283/AGNOT/,"{'coordinates': [-0.222436, 53.76973], 'type': 'Point'}",-0.222436,53.76973,EastRiding/25/00283/AGNOT,"{'agent_address': '55 North Bar Within Beverley East Riding Of Yorkshire HU17 8DG', 'agent_name': 'See source', 'applicant_name': 'See source', 'application_type': 'Prior Approval Agricultural Development', 'case_officer': 'See source', 'comment_url': 'https://newplanningaccess.eastriding.gov.uk/newplanningaccess/applicationDetails.do?activeTab=makeComment&keyVal=SQYOKBBJHSA00', 'date_received': '2025-01-31', 'date_validated': '2025-02-04', 'easting': 517256.0, 'lat': 53.7697296706905, 'lng': -0.22243559758517503, 'map_url': 'https://newplanningaccess.eastriding.gov.uk/newplanningaccess/applicationDetails.do?activeTab=map&keyVal=SQYOKBBJHSA00', 'n_comments': 0, 'n_constraints': 8, 'n_documents': 0, 'n_statutory_days': 28, 'northing': 431842.0, 'parish': 'Preston Parish Council', 'planning_portal_id': 'PP-13701738', 'source_url': 'https://newplanningaccess.eastriding.gov.uk/newplanningaccess/search.do?action=advanced', 'status': 'Pending Consideration', 'target_decision_date': '2025-03-04', 'ward_name': 'South West Holderness'}",HU12 8TY,,EastRiding,2025-01-31,25/00283/AGNOT,https://newplanningaccess.eastriding.gov.uk/newplanningaccess/applicationDetails.do?keyVal=SQYOKBBJHSA00&activeTab=summary,False
Silage Clamp And Feed Area Cannfield Farm Higher Blandford Road Cann,,Small,Undecided,Outline,332,Dorset,,,,Construct silage clamp with concrete apron and concrete livestock feed area,2025-02-26T07:43:27.591942,2025-02-25T16:34:27.921433,2025-02-25T16:34:27.921433,https://www.planit.org.uk/planapplic/DorsetCouncil/P/PAEW2/2025/00620/,"{'coordinates': [-2.168248, 50.995258], 'type': 'Point'}",-2.168248,50.995258,DorsetCouncil/P/PAEW2/2025/00620,"{'agent_address': '5 Hound Street Sherborne Dorset DT9 3AB', 'agent_name': 'See source', 'applicant_address': 'Church Farm Cottage Berkley Frome Somerset BA11 5JH', 'applicant_name': 'See source', 'application_type': 'Prior Approval - Excavation/Deposit Waste For Agriculture- Part 2', 'case_officer': 'See source', 'date_validated': '2025-01-31', 'decided_by': 'Delegated', 'easting': 388289.0, 'lat': 50.99525750823511, 'lng': -2.1682477699376888, 'n_documents': 9, 'northing': 121776.0, 'parish': 'Cann', 'source_url': 'https://planning.dorsetcouncil.gov.uk/advsearch.aspx', 'status': 'Under Officer Consideration', 'ward_name': 'Beacon Ward'}",,,DorsetCouncil,2025-01-31,P/PAEW2/2025/00620,https://planning.dorsetcouncil.gov.uk/plandisp.aspx?recno=411932,False
"Low Foulshaw Farm, Levens, Kendal, LA8 8ET",,Small,Undecided,Other,356,Lake District,,,,Demolition of free range poultry house,2025-02-25T07:56:51.60097,2025-02-24T16:33:10.763544,2025-02-24T16:33:10.763544,https://www.planit.org.uk/planapplic/LakeDistrict/7/2025/5042/,"{'coordinates': [-2.812532, 54.227945], 'type': 'Point'}",-2.812532,54.227945,LakeDistrict/7/2025/5042,"{'agent_name': 'See source', 'applicant_name': 'See source', 'application_expires_date': '2025-03-03', 'application_type': 'Notification of Intention (Demolition, Q6g)', 'case_officer': 'See source', 'date_received': '2025-01-30', 'date_validated': '2025-01-31', 'decided_by': 'Delegated', 'district': 'South Lakeland', 'easting': 347127.0, 'lat': 54.22794539414299, 'lng': -2.8125323404515097, 'n_documents': 4, 'n_statutory_days': 31, 'northing': 481664.0, 'parish': 'Witherslack, Meathop and Ulpha', 'planning_portal_id': 'PP-13733253', 'source_url': 'https://planning.agileapplications.co.uk/ldnpa/search-applications/', 'status': 'Valid.', 'target_decision_date': '2025-02-27', 'uprn': '10003961571', 'ward_name': 'Bowness and Lyth Ward'}",LA8 8ET,,LakeDistrict,2025-01-30,7/2025/5042,https://planning.agileapplications.co.uk/ldnpa/application-details/83630,True
High Lindrick Farm Studley Royal Ripon North Yorkshire HG4 3BD,,Small,Undecided,Outline,192,Harrogate,,2025-01-30,,Extension to existing livestock building,2025-02-26T07:50:35.733237,2025-02-21T07:41:16.720267,2025-02-21T07:41:16.720267,https://www.planit.org.uk/planapplic/Harrogate/ZC25/00257/PNA/,"{'coordinates': [-1.586339, 54.128688], 'type': 'Point'}",-1.586339,54.128688,Harrogate/ZC25/00257/PNA,"{'agent_address': 'Mr Ian Pick Station Farm Offices Wansford Road Nafferton Driffield YO25 8NJ United Kingdom', 'agent_company': 'Harrison Pick Ltd', 'agent_name': 'See source', 'applicant_name': 'See source', 'application_type': 'Prior Notification Agriculture', 'case_officer': 'See source', 'comment_url': 'https://uniformonline.harrogate.gov.uk/online-applications/applicationDetails.do?activeTab=makeComment&keyVal=SQUXXHHYJR200', 'consultation_end_date': '2025-01-30', 'date_received': '2025-01-29', 'date_validated': '2025-01-29', 'docs_url': 'https://uniformonline.harrogate.gov.uk/online-applications/applicationDetails.do?activeTab=documents&keyVal=SQUXXHHYJR200', 'easting': 427130.0, 'lat': 54.12868848146718, 'lng': -1.586339281427529, 'map_url': 'https://uniformonline.harrogate.gov.uk/online-applications/applicationDetails.do?activeTab=map&keyVal=SQUXXHHYJR200', 'n_comments': 1, 'n_documents': 3, 'n_statutory_days': 56, 'northing': 470394.0, 'parish': 'Lindrick, Studley Royal And Fountains', 'source_url': 'https://uniformonline.harrogate.gov.uk/online-applications/search.do?action=advanced', 'status': 'Registered', 'target_decision_date': '2025-03-26', 'ward_name': 'Masham & Fountains'}",HG4 3BD,,Harrogate,2025-01-29,ZC25/00257/PNA,https://uniformonline.harrogate.gov.uk/online-applications/applicationDetails.do?keyVal=SQUXXHHYJR200&activeTab=summary,False
Sawley Hall Sawley Old Brow Sawley BB7 4LF,3/2025/0066,Small,Undecided,Other,157,Ribble Valley,,,,"Prior notification of erection of a steel portal building, clad in box profile sheeting overlaid with shiplap timber boards stained dark brown for storage of machinery and equipment 30.5m long, 12.6m wide, 5.9m high to ridge 4.26m high to eaves. Two thirds will be left open for livestock.",2025-02-22T11:02:28.042138,2025-02-10T09:48:36.667975,2025-02-22T04:56:52.410777,https://www.planit.org.uk/planapplic/RibbleValley/37161/3/2025/0066/,"{'coordinates': [-2.338408, 53.916237], 'type': 'Point'}",-2.338408,53.916237,RibbleValley/37161/3/2025/0066,"{'agent_address': 'Davis and Bowring Lane House Kendal Road Kirkby Lonsdale LA6 2AE', 'agent_name': 'See source', 'applicant_address': 'c/o Davis Bowring', 'applicant_name': 'See source', 'application_type': 'Agricultural determination', 'case_officer': 'See source', 'date_received': '2025-01-29', 'date_validated': '2025-02-05', 'n_documents': 6, 'source_url': 'https://webportal.ribblevalley.gov.uk/planningApplication/search/advanced', 'status': 'Registered'}",BB7 4LF,,RibbleValley,2025-01-29,37161,https://webportal.ribblevalley.gov.uk/planningApplication/37161,False
Unit 23 Parkrose Industrial Estate Middlemore Road Smethwick B66 2DZ,,Medium,Undecided,Amendment,285,Sandwell,,2025-03-06,,"Retention of use from commercial unit to milk processing factory, single storey extension with roof deck and balustrades, raised platform to rear, 3 No. external staircases, new rollers shutter doors, 5 No. new additional offloading bays, 6 No. silos and valves/pumps and associated works.",2025-02-26T08:07:34.64603,2025-02-25T14:02:45.940585,2025-02-25T14:02:45.940585,https://www.planit.org.uk/planapplic/Sandwell/DC/25/70228/,"{'coordinates': [-1.960195, 52.503563], 'type': 'Point'}",-1.960195,52.503563,Sandwell/DC/25/70228,"{'applicant_address': 'Fourdrinier Way Apsley Hemel Hempstead HP3 9RY', 'applicant_name': 'See source', 'application_type': 'Change of Use (Major)', 'case_officer': 'See source', 'comment_date': '2025-03-06', 'comment_url': 'https://webcaps.sandwell.gov.uk/publicaccess/applicationDetails.do?activeTab=makeComment&keyVal=SQSMI5NRI0C00', 'consultation_end_date': '2025-02-25', 'date_received': '2025-01-28', 'date_validated': '2025-02-04', 'decided_by': 'Delegated Decision', 'docs_url': 'https://webcaps.sandwell.gov.uk/publicaccess/applicationDetails.do?activeTab=documents&keyVal=SQSMI5NRI0C00', 'easting': 402799.0, 'last_advertised_date': '2025-02-04', 'lat': 52.50356322201884, 'latest_advertisement_expiry_date': '2025-03-06', 'lng': -1.9601946991593284, 'map_url': 'https://webcaps.sandwell.gov.uk/publicaccess/applicationDetails.do?activeTab=map&keyVal=SQSMI5NRI0C00', 'n_comments': 0, 'n_constraints': 8, 'n_documents': 27, 'n_statutory_days': 91, 'neighbour_consultation_end_date': '2025-02-25', 'neighbour_consultation_start_date': '2025-02-04', 'northing': 289519.0, 'planning_portal_id': 'PP-13719322', 'site_notice_end_date': '2025-02-26', 'site_notice_start_date': '2025-02-05', 'source_url': 'https://webcaps.sandwell.gov.uk/publicaccess/search.do?action=advanced', 'status': 'Awaiting decision', 'target_decision_date': '2025-05-06', 'ward_name': 'St Pauls'}",B66 2DZ,,Sandwell,2025-01-28,DC/25/70228,https://webcaps.sandwell.gov.uk/publicaccess/applicationDetails.do?activeTab=summary&keyVal=SQSMI5NRI0C00,False
Mains Of Dhuloch Kirkcolm Stranrae,,Medium,Undecided,Outline,365,Dumfries,24/2619/FUL,,,"SCREENING OPINION UNDER THE TOWN AND COUNTRY PLANNING (ENVIRONMENTAL IMPACT ASSESSMENT) (SCOTLAND) REGULATIONS 2017 FOR ERECTION OF AN EGG PRODUCTION FACILITY INCLUDING 2 POULTRY UNITS WITH ROOF MOUNTED SOLAR PANELS, 2 DUNG SHEDS, 26 CHICKEN SHELTERS AND 8 FEED SILOS, ALTERATIONS TO EXISTING ACCESS, FORMATION OF 2 DETENTION BASINS, LANDSCAPING AND ASSOCIATED WORKS",2025-02-26T07:43:47.187213,2025-02-25T11:53:00.400655,2025-02-25T11:53:00.400655,https://www.planit.org.uk/planapplic/Dumfries/25/0170/SCR/,"{'coordinates': [-5.143261, 54.948874], 'type': 'Point'}",-5.143261,54.948874,Dumfries/25/0170/SCR,"{'agent_address': '6 Lakeland Business Park Lamplugh Road Cockermouth CA13 0UT', 'agent_company': 'Tetra Tech', 'agent_name': 'See source', 'applicant_name': 'See source', 'application_type': 'Screening Opinion', 'case_officer': 'See source', 'comment_url': 'https://eaccess.dumgal.gov.uk/online-applications/applicationDetails.do?activeTab=makeComment&keyVal=SQT0CYGB07000', 'date_received': '2025-01-27', 'date_validated': '2025-01-27', 'docs_url': 'https://eaccess.dumgal.gov.uk/online-applications/applicationDetails.do?activeTab=documents&keyVal=SQT0CYGB07000', 'easting': 198801.0, 'lat': 54.94887390361369, 'lng': -5.143261417151344, 'map_url': 'https://eaccess.dumgal.gov.uk/online-applications/applicationDetails.do?activeTab=map&keyVal=SQT0CYGB07000', 'n_comments': 0, 'n_documents': 3, 'northing': 566103.0, 'source_url': 'https://eaccess.dumgal.gov.uk/online-applications/search.do?action=advanced', 'status': 'Assessment Stage', 'ward_name': 'Stranraer And The Rhins'}",,,Dumfries,2025-01-27,25/0170/SCR,https://eaccess.dumgal.gov.uk/online-applications/applicationDetails.do?activeTab=summary&keyVal=SQT0CYGB07000,False
Field House Farm Marketbridge Lane Bielby East Riding Of Yorkshire YO42 4JR,,Small,Undecided,Outline,11,East Riding,,,,Erection of an extension to agricultural building for the purposes of housing livestock,2025-02-15T09:11:46.308956,2025-02-12T11:43:27.778235,2025-02-12T11:43:27.778235,https://www.planit.org.uk/planapplic/EastRiding/25/00204/AGNOT/,"{'coordinates': [-0.800396, 53.893639], 'type': 'Point'}",-0.800396,53.893639,EastRiding/25/00204/AGNOT,"{'agent_address': 'FAO : Mr Oliver Fargher 60-64 Market Place Market Weighton East Riding Of Yorkshire YO43 3AL', 'agent_name': 'See source', 'applicant_name': 'See source', 'application_type': 'Prior Approval Agricultural Development', 'case_officer': 'See source', 'comment_url': 'https://newplanningaccess.eastriding.gov.uk/newplanningaccess/applicationDetails.do?activeTab=makeComment&keyVal=SQLEVIBJHJT00', 'date_received': '2025-01-24', 'date_validated': '2025-01-24', 'easting': 478932.0, 'lat': 53.89363906752533, 'lng': -0.8003958248449481, 'map_url': 'https://newplanningaccess.eastriding.gov.uk/newplanningaccess/applicationDetails.do?activeTab=map&keyVal=SQLEVIBJHJT00', 'n_comments': 0, 'n_constraints': 5, 'n_documents': 0, 'n_statutory_days': 28, 'northing': 444829.0, 'parish': 'Bielby Parish Council', 'planning_portal_id': 'PP-13721685', 'source_url': 'https://newplanningaccess.eastriding.gov.uk/newplanningaccess/search.do?action=advanced', 'status': 'Pending Decision', 'target_decision_date': '2025-02-21', 'ward_name': 'Wolds Weighton'}",YO42 4JR,,EastRiding,2025-01-24,25/00204/AGNOT,https://newplanningaccess.eastriding.gov.uk/newplanningaccess/applicationDetails.do?keyVal=SQLEVIBJHJT00&activeTab=summary,False
Land East Of Crossways Bungalow Stoke Climsland Callington,,Medium,Undecided,Amendment,52,Cornwall,PA12/04501 APP/D0840/A/12/2189355,,,"Construction of 3 poultry houses together with office, associated plant, gates, amended access, parking and turning area without compliance of condition 2 of decision notice APP/D0840/A/12/2189355 dated 06/08/2014",2025-01-29T07:39:36.057826,2025-01-27T12:25:04.246968,2025-01-27T12:25:04.246968,https://www.planit.org.uk/planapplic/Cornwall/PA25/00531/,"{'coordinates': [-4.308081, 50.549919], 'type': 'Point'}",-4.308081,50.549919,Cornwall/PA25/00531,"{'agent_address': 'Glebe Barn St Enoder Summercourt Newquay TR8 5DF', 'agent_company': 'Montagu Town Planning Ltd', 'agent_name': 'See source', 'applicant_name': 'See source', 'application_type': 'Application under Section 73 of TCP Act', 'case_officer': 'See source', 'comment_url': 'https://planning.cornwall.gov.uk/online-applications/applicationDetails.do?activeTab=makeComment&keyVal=SQJLA9FGIIU00', 'date_received': '2025-01-23', 'date_validated': '2025-01-23', 'docs_url': 'https://planning.cornwall.gov.uk/online-applications/applicationDetails.do?activeTab=documents&keyVal=SQJLA9FGIIU00', 'easting': 236581.0, 'lat': 50.549918954795125, 'lng': -4.308080969125752, 'map_url': 'https://planning.cornwall.gov.uk/online-applications/applicationDetails.do?activeTab=map&keyVal=SQJLA9FGIIU00', 'n_comments': 0, 'n_constraints': 18, 'n_documents': 8, 'n_statutory_days': 91, 'northing': 74784.0, 'parish': 'Stoke Climsland', 'planning_portal_id': 'PP-13718616', 'source_url': 'https://planning.cornwall.gov.uk/online-applications/search.do?action=advanced', 'status': 'Awaiting decision', 'target_decision_date': '2025-04-24', 'ward_name': 'Altarnun And Stoke Climsland'}",,,Cornwall,2025-01-23,PA25/00531,https://planning.cornwall.gov.uk/online-applications/applicationDetails.do?keyVal=SQJLA9FGIIU00&activeTab=summary,False
Graze Hill Farm Grindale Road Burton Fleming East Riding Of Yorkshire YO25 3HR,,Small,Undecided,Outline,11,East Riding,,,,Erection of an agricultural building for housing livestock,2025-01-31T07:43:37.640223,2025-01-29T23:27:23.04197,2025-01-29T23:27:23.04197,https://www.planit.org.uk/planapplic/EastRiding/25/00174/AGNOT/,"{'coordinates': [-0.311749, 54.133005], 'type': 'Point'}",-0.311749,54.133005,EastRiding/25/00174/AGNOT,"{'agent_address': 'FAO Mr Sam Harrison Station Farm Offices Wansford Road Nafferton Driffield East Riding Of Yorkshire YO25 8NJ', 'agent_name': 'See source', 'applicant_name': 'See source', 'application_type': 'Prior Approval Agricultural Development', 'case_officer': 'See source', 'comment_url': 'https://newplanningaccess.eastriding.gov.uk/newplanningaccess/applicationDetails.do?activeTab=makeComment&keyVal=SQJ68GBJHHI00', 'date_received': '2025-01-23', 'date_validated': '2025-01-23', 'easting': 510407.0, 'lat': 54.13300452702822, 'lng': -0.3117490838528425, 'map_url': 'https://newplanningaccess.eastriding.gov.uk/newplanningaccess/applicationDetails.do?activeTab=map&keyVal=SQJ68GBJHHI00', 'n_comments': 0, 'n_constraints': 3, 'n_documents': 0, 'n_statutory_days': 28, 'northing': 472112.0, 'parish': 'Burton Fleming Parish Council', 'planning_portal_id': 'PP-13713228', 'source_url': 'https://newplanningaccess.eastriding.gov.uk/newplanningaccess/search.do?action=advanced', 'status': 'Pending Consideration', 'target_decision_date': '2025-02-20', 'ward_name': 'East Wolds And Coastal'}",YO25 3HR,,EastRiding,2025-01-23,25/00174/AGNOT,https://newplanningaccess.eastriding.gov.uk/newplanningaccess/applicationDetails.do?keyVal=SQJ68GBJHHI00&activeTab=summary,False
Land at NGR 306408 120141 Freathingcott Farm Holcombe Rogus Devon,,Small,Undecided,Outline,82,Mid Devon,,,,Prior notification for the erection of an agricultural livestock shed,2025-02-26T07:58:02.655646,2025-02-22T08:01:53.694711,2025-02-22T08:01:53.694711,https://www.planit.org.uk/planapplic/MidDevon/25/00087/PNAG/,"{'coordinates': [-3.334427, 50.973069], 'type': 'Point'}",-3.334427,50.973069,MidDevon/25/00087/PNAG,"{'applicant_address': 'DW Farming Freathingcott Farm Holcombe Rogus Wellington TA21 0NG', 'applicant_name': 'See source', 'application_type': 'Agricultural Prior Notification', 'case_officer': 'See source', 'comment_url': 'https://planning.middevon.gov.uk/online-applications/applicationDetails.do?activeTab=makeComment&keyVal=SQHJ48KS07T00', 'date_received': '2025-01-22', 'date_validated': '2025-01-22', 'docs_url': 'https://planning.middevon.gov.uk/online-applications/applicationDetails.do?activeTab=documents&keyVal=SQHJ48KS07T00', 'easting': 306405.0, 'lat': 50.97306944261697, 'lng': -3.334427266145067, 'map_url': 'https://planning.middevon.gov.uk/online-applications/applicationDetails.do?activeTab=map&keyVal=SQHJ48KS07T00', 'n_comments': 0, 'n_constraints': 10, 'n_documents': 5, 'n_statutory_days': 28, 'northing': 120143.0, 'parish': 'Holcombe Rogus 29', 'planning_portal_id': 'PP-13702279', 'source_url': 'https://planning.middevon.gov.uk/online-applications/search.do?action=advanced', 'status': 'Awaiting decision', 'target_decision_date': '2025-02-19', 'ward_name': 'Canonsleigh'}",,,MidDevon,2025-01-22,25/00087/PNAG,https://planning.middevon.gov.uk/online-applications/applicationDetails.do?keyVal=SQHJ48KS07T00&activeTab=summary,False
Land At Village Farm Marshacre Lane Olveston South Gloucestershire,,Medium,Undecided,Outline,25,South Gloucestershire,P25/00131/F P25/00131/F-Erection,,,"Screening opinion for P25/00131/F-Erection of 1no. agricultural building (free range egg unit), 2no. feed bins, installation of hardstanding and associated works.",2025-02-26T08:09:47.357618,2025-02-25T16:22:04.934068,2025-02-25T16:22:04.934068,https://www.planit.org.uk/planapplic/SouthGloucestershire/P25/001/SCR/,"{'coordinates': [-2.583024, 51.598906], 'type': 'Point'}",-2.583024,51.598906,SouthGloucestershire/P25/001/SCR,"{'agent_address': 'Station Farm Offices Wansford Road Nafferton Driffield YO25 8NJ', 'agent_name': 'See source', 'applicant_name': 'See source', 'application_type': 'Screening Opinion', 'case_officer': 'See source', 'comment_date': '2025-02-07', 'comment_url': 'https://developments.southglos.gov.uk/online-applications/applicationDetails.do?activeTab=neighbourComments&keyVal=SQFO6KOK0F100', 'date_received': '2025-01-21', 'date_validated': '2025-01-21', 'decided_by': 'Fully Delegated', 'easting': 359714.0, 'lat': 51.598905652696565, 'lng': -2.583024044052885, 'map_url': 'https://developments.southglos.gov.uk/online-applications/applicationDetails.do?activeTab=map&keyVal=SQFO6KOK0F100', 'n_documents': 0, 'n_statutory_days': 21, 'northing': 189057.0, 'parish': 'Aust Parish Council', 'source_url': 'https://developments.southglos.gov.uk/online-applications/search.do?action=advanced', 'status': 'Awaiting decision', 'target_decision_date': '2025-02-11', 'ward_name': 'Severn Vale'}",,,SouthGloucestershire,2025-01-21,P25/001/SCR,https://developments.southglos.gov.uk/online-applications/applicationDetails.do?activeTab=summary&keyVal=SQFO6KOK0F100,True
Three Gates Farm Broadgate Lane Great Moulton Norfolk NR15 2HX,,Small,Undecided,Outline,521,South Norfolk Broadland,,2025-02-27,,Notification for Prior Approval for a proposed change of use and associated building works of agricultural pig units to 8 dwellinghouses (QA & QB),2025-02-26T08:10:19.521336,2025-02-25T14:34:46.720989,2025-02-25T14:34:46.720989,https://www.planit.org.uk/planapplic/SouthNorfolkBroadland/2025/0174/,"{'coordinates': [1.183514, 52.459099], 'type': 'Point'}",1.183514,52.459099,SouthNorfolkBroadland/2025/0174,"{'agent_address': '28 Julian Road Spixworth Norwich NR10 3QA', 'agent_company': 'Howe and Boosey Architectural Services ltd', 'agent_name': 'See source', 'applicant_name': 'See source', 'application_type': 'PD Change from Barn to Dwelling', 'case_officer': 'See source', 'comment_url': 'https://info.southnorfolkandbroadland.gov.uk/online-applications/applicationDetails.do?activeTab=makeComment&keyVal=SQGA3LOQKQ600', 'consultation_end_date': '2025-02-27', 'consultation_start_date': '2025-02-06', 'date_received': '2025-01-21', 'date_validated': '2025-01-21', 'docs_url': 'https://info.southnorfolkandbroadland.gov.uk/online-applications/applicationDetails.do?activeTab=documents&keyVal=SQGA3LOQKQ600', 'easting': 616382.0, 'lat': 52.4590988956353, 'lng': 1.1835139980700122, 'map_url': 'https://info.southnorfolkandbroadland.gov.uk/online-applications/applicationDetails.do?activeTab=map&keyVal=SQGA3LOQKQ600', 'n_comments': 4, 'n_constraints': 30, 'n_documents': 16, 'n_statutory_days': 56, 'neighbour_consultation_end_date': '2025-02-12', 'neighbour_consultation_start_date': '2025-01-22', 'northing': 289338.0, 'parish': 'Great Moulton', 'planning_portal_id': 'PP-13711749', 'source_url': 'https://info.southnorfolkandbroadland.gov.uk/online-applications/search.do?action=advanced', 'status': 'Pending Consideration', 'target_decision_date': '2025-03-18', 'ward_name': 'Bunwell'}",NR15 2HX,,SouthNorfolkBroadland,2025-01-21,2025/0174,https://info.southnorfolkandbroadland.gov.uk/online-applications/applicationDetails.do?activeTab=summary&keyVal=SQGA3LOQKQ600,False
Curtis Farm Green Lane Horsham West Sussex RH12 4PP,,Small,Undecided,Outline,249,Horsham,DC/19/2564 DC/20/0480 DC/20/0814 DC/20/2523 DC/20/2524 DC/22/2031 DC/25/0071,,,Prior Notification for the creation of an access road and hardstanding to provide access and manoeuvring space for farm machinery to the proposed agricultural building required for the isolation of livestock and lambing.,2025-02-24T07:53:14.088698,2025-02-22T08:44:00.233748,2025-02-22T08:44:00.233748,https://www.planit.org.uk/planapplic/Horsham/DC/25/0074/,"{'coordinates': [-0.297578, 51.109158], 'type': 'Point'}",-0.297578,51.109158,Horsham/DC/25/0074,"{'agent_address': '3 Church Street Constable Court 62 Dene Street Dorking Surrey RH4 2DP', 'agent_company': 'NYE Saunders Ltd (Architects) - C/o Bray Estates Ltd', 'agent_name': 'See source', 'applicant_name': 'See source', 'application_type': 'Agricultural Prior Notification', 'case_officer': 'See source', 'comment_url': 'https://public-access.horsham.gov.uk/public-access/applicationDetails.do?activeTab=makeComment&keyVal=SQDMVMIJHQR00', 'date_received': '2025-01-20', 'date_validated': '2025-01-20', 'decided_by': 'Delegated Decision', 'docs_url': 'https://iawpa.horsham.gov.uk/PublicAccess_LIVE/SearchResult/RunThirdPartySearch?FileSystemId=DH&FOLDER1_REF=DC%2F25%2F0074', 'easting': 519274.0, 'lat': 51.10915823070782, 'lng': -0.2975782453314987, 'map_url': 'https://public-access.horsham.gov.uk/public-access/applicationDetails.do?activeTab=map&keyVal=SQDMVMIJHQR00', 'n_constraints': 18, 'n_documents': 5, 'n_statutory_days': 27, 'northing': 135807.0, 'parish': 'Rusper PC', 'planning_portal_id': 'PP-13704639', 'source_url': 'https://public-access.horsham.gov.uk/public-access/search.do?action=advanced', 'status': 'Registered', 'target_decision_date': '2025-02-16', 'ward_name': 'Colgate and Rusper'}",RH12 4PP,,Horsham,2025-01-20,DC/25/0074,https://public-access.horsham.gov.uk/public-access/applicationDetails.do?keyVal=SQDMVMIJHQR00&activeTab=summary,False
Town End Farm Hackthorpe PENRITH CA10 2HX,,Small,Undecided,Amendment,523,Westmorland and Furness,,,,"Lawful Development Certificate for the retention and use of cubicle building for housing cattle, retention and use of associated slurry lagoon/compound, and retention and use of portal framed building for housing livestock.",2025-02-24T08:21:12.67989,2025-01-30T02:28:53.926121,2025-02-23T23:34:21.352405,https://www.planit.org.uk/planapplic/WestmorlandFurness/2025/0100/LDEX/,"{'coordinates': [-2.708939, 54.601433], 'type': 'Point'}",-2.708939,54.601433,WestmorlandFurness/2025/0100/LDEX,"{'agent_address': 'Caldew Suite - Gallery House Tannery Road Harraby Green Business Park Carlisle CA1 2SS', 'agent_name': 'See source', 'applicant_name': 'See source', 'application_expires_date': '2025-03-17', 'application_type': 'Lawful Development Certificate - Existing Use', 'case_officer': 'See source', 'date_received': '2025-01-20', 'date_validated': '2025-01-20', 'decided_by': 'Delegated', 'decision': 'Pending', 'map_url': 'https://my.southlakeland.gov.uk/mysouthlakeland.aspx?SouthLakes/MyMapsSouthLakes&SearchLayer=allPlanning&SearchField=reference&SearchValue=2025/0100/LDEX', 'n_documents': 4, 'n_statutory_days': 56, 'parish': 'Lowther', 'source_url': 'https://planningregister.westmorlandandfurness.gov.uk/Search/Advanced', 'status': 'Valid', 'ward_name': 'Eamont and Shap'}",CA10 2HX,,WestmorlandFurness,2025-01-20,2025/0100/LDEX,https://planningregister.westmorlandandfurness.gov.uk/Planning/Display/2025/0100/LDEX,False
Culworth Grounds Farm Banbury Lane Culworth OX17 2HW,,Small,Undecided,Outline,519,West Northamptonshire,,,,"Prior notification determination for a general purpose agricultural building to store fodder and implements, including winter housing for livestock (Schedule 2 Part 6 Class A/B/E)",2025-02-25T08:20:40.755302,2025-02-25T03:38:41.6503,2025-02-25T03:38:41.6503,https://www.planit.org.uk/planapplic/WestNorthamptonshire/2025/0224/PND/,"{'coordinates': [-1.216616, 52.109894], 'type': 'Point'}",-1.216616,52.109894,WestNorthamptonshire/2025/0224/PND,"{'agent_address': 'Mrs Joanne Harrison 19 Mayfield Avenue Mayfield Ashbourne DE6 2JA', 'agent_name': 'See source', 'applicant_address': 'Culworth Grounds Farm Thorpe Mandeville Banbury OX17 2HW', 'applicant_name': 'See source', 'application_type': 'Prior Notification Determination', 'case_officer': 'See source', 'date_received': '2025-01-16', 'date_validated': '2025-01-16', 'decided_by': 'Delegated', 'n_documents': 7, 'n_statutory_days': 46, 'parish': 'Culworth', 'source_url': 'https://wnc.planning-register.co.uk/Search/Advanced/', 'status': '4 - Consultations Despatched (1-10)', 'target_decision_date': '2025-03-03', 'ward_name': 'Silverstone'}",OX17 2HW,,WestNorthamptonshire,2025-01-16,2025/0224/PND,https://wnc.planning-register.co.uk/Planning/Display/2025/0224/PND,False
"Row Hope Farm, Harbottle, Northumberland, NE65 7BT",,Small,Undecided,Outline,357,Northumberland (Park),,,,Application for prior notification - construction of a livestock building for housing cattle and ancillary storage for fodder,2025-02-26T08:03:11.128596,2025-01-24T06:02:54.706326,2025-02-26T01:07:07.729271,https://www.planit.org.uk/planapplic/NorthumberlandPark/25NP0002/,"{'coordinates': [-2.230762, 55.406809], 'type': 'Point'}",-2.230762,55.406809,NorthumberlandPark/25NP0002,"{'agent_address': 'Defence Infrastructure Organisation Building 18 Piave Lines Catterick Garrison DL9 3LR', 'agent_name': 'See source', 'applicant_address': 'Defence Infrastructure Organisation Building 18 Piave Lines Catterick Garrison DL9 3LR', 'applicant_name': 'See source', 'case_officer': 'See source', 'date_received': '2025-01-15', 'date_validated': '2025-01-15', 'district': 'Northumberland County Council - North Area', 'easting': 385486.0, 'lat': 55.406808886562246, 'lng': -2.2307624580447665, 'n_documents': 9, 'northing': 612566.0, 'parish': 'Alwinton CP', 'source_url': 'https://nnpa.planning-register.co.uk/Search/Advanced/', 'status': 'Valid Awaiting Assessment', 'ward_name': 'Rothbury ED'}",NE65 7BT,,NorthumberlandPark,2025-01-15,25NP0002,https://nnpa.planning-register.co.uk/Planning/Display/25NP0002,True
Colton Mill Farm Blithbury Road Colton Rugeley Staffordshire WS15 3HQ,,Small,Undecided,Amendment,216,Lichfield,,2025-02-12,,Conversion of existing milking shed into a single dwelling and associated works,2025-02-26T07:56:17.679246,2025-02-24T16:40:38.638649,2025-02-24T16:40:38.638649,https://www.planit.org.uk/planapplic/Lichfield/25/00038/COU/,"{'coordinates': [-1.926623, 52.767836], 'type': 'Point'}",-1.926623,52.767836,Lichfield/25/00038/COU,"{'agent_address': 'Alrewas Architecture Ltd Mellor Barns 8 Park Road Alrewas Burton DE13 7AG', 'agent_name': 'See source', 'applicant_name': 'See source', 'application_type': 'Change of Use', 'case_officer': 'See source', 'comment_date': '2025-02-12', 'comment_url': 'https://planning.lichfielddc.gov.uk/online-applications/applicationDetails.do?activeTab=makeComment&keyVal=SQ2QM6JELOB00', 'consultation_end_date': '2025-02-08', 'consultation_start_date': '2025-01-16', 'date_received': '2025-01-14', 'date_validated': '2025-01-15', 'docs_url': 'https://planning.lichfielddc.gov.uk/online-applications/applicationDetails.do?activeTab=documents&keyVal=SQ2QM6JELOB00', 'easting': 405048.0, 'lat': 52.76783607396376, 'lng': -1.9266232661804954, 'map_url': 'https://planning.lichfielddc.gov.uk/online-applications/applicationDetails.do?activeTab=map&keyVal=SQ2QM6JELOB00', 'n_constraints': 10, 'n_documents': 28, 'n_statutory_days': 56, 'neighbour_consultation_end_date': '2025-02-12', 'neighbour_consultation_start_date': '2025-01-20', 'northing': 318918.0, 'parish': 'Colton', 'site_notice_end_date': '2025-02-11', 'site_notice_start_date': '2025-01-21', 'source_url': 'https://planning.lichfielddc.gov.uk/online-applications/search.do?action=advanced', 'status': 'Pending Consideration', 'target_decision_date': '2025-03-12', 'ward_name': 'Colton And The Ridwares'}",WS15 3HQ,,Lichfield,2025-01-14,25/00038/COU,https://planning.lichfielddc.gov.uk/online-applications/applicationDetails.do?keyVal=SQ2QM6JELOB00&activeTab=summary,False
Cooper Contemporary Designs Ltd Main Street Shangton Leicestershire LE8 0PG,,Small,Undecided,Outline,164,Harborough,,2025-02-25,,Outline application for the redevelopment of an old poultry shed to three residential dwellings (all matters reserved),2025-02-25T07:50:33.623814,2025-02-24T13:25:09.124468,2025-02-24T13:25:09.124468,https://www.planit.org.uk/planapplic/Harborough/25/00034/OUT/,"{'coordinates': [-0.944388, 52.559216], 'type': 'Point'}",-0.944388,52.559216,Harborough/25/00034/OUT,"{'agent_address': '49 Leaders Way Lutterworth LE17 4YS', 'agent_name': 'See source', 'applicant_name': 'See source', 'application_type': 'Outline Application', 'case_officer': 'See source', 'comment_url': 'https://pa2.harborough.gov.uk/online-applications/applicationDetails.do?activeTab=makeComment&keyVal=SPS1VPHWN0J00', 'consultation_end_date': '2025-02-25', 'date_received': '2025-01-08', 'date_validated': '2025-01-21', 'easting': 471660.0, 'lat': 52.55921554822744, 'lng': -0.9443877720783966, 'map_url': 'https://pa2.harborough.gov.uk/online-applications/applicationDetails.do?activeTab=map&keyVal=SPS1VPHWN0J00', 'n_documents': 20, 'n_statutory_days': 56, 'neighbour_consultation_end_date': '2025-02-20', 'northing': 296232.0, 'parish': 'Shangton', 'planning_portal_id': 'PP-13576988', 'site_notice_end_date': '2025-02-21', 'source_url': 'https://pa2.harborough.gov.uk/online-applications/search.do?action=advanced', 'status': 'Pending Consideration', 'target_decision_date': '2025-03-18', 'ward_name': 'Kibworths'}",LE8 0PG,,Harborough,2025-01-08,25/00034/OUT,https://pa2.harborough.gov.uk/online-applications/applicationDetails.do?activeTab=summary&keyVal=SPS1VPHWN0J00,False
Barns At Woodlands Farm Shiplate Road Bleadon,,Small,Undecided,Outline,24,North Somerset,,,,"Prior approval for change the use of 2no. agricultural shed spaces, formerly used for free range egg laying hens, to Class E commercial use",2025-02-25T08:03:43.657017,2025-02-24T12:09:12.444,2025-02-24T12:09:12.444,https://www.planit.org.uk/planapplic/NorthSomerset/25/P/0018/CRA/,,,,NorthSomerset/25/P/0018/CRA,"{'applicant_address': 'Shiplate Road Loxton BS26 2XA United Kingdom', 'applicant_name': 'See source', 'application_type': 'Prior App Part 3R agric to flexible use', 'case_officer': 'See source', 'comment_url': 'https://planning.n-somerset.gov.uk/online-applications/applicationDetails.do?activeTab=makeComment&keyVal=SPNQDALPHAZ00', 'date_received': '2025-01-06', 'date_validated': '2025-01-06', 'docs_url': 'https://planning.n-somerset.gov.uk/online-applications/applicationDetails.do?activeTab=documents&keyVal=SPNQDALPHAZ00', 'map_url': 'https://planning.n-somerset.gov.uk/online-applications/applicationDetails.do?activeTab=map&keyVal=SPNQDALPHAZ00', 'n_comments': 0, 'n_documents': 5, 'parish': 'Bleadon', 'source_url': 'https://planning.n-somerset.gov.uk/online-applications/search.do?action=advanced', 'status': 'Registered', 'ward_name': 'Hutton And Locking'}",,,NorthSomerset,2025-01-06,25/P/0018/CRA,https://planning.n-somerset.gov.uk/online-applications/applicationDetails.do?keyVal=SPNQDALPHAZ00&activeTab=summary,False
Williams Farm Kiln Pit Hill Consett Northumberland,,Small,Undecided,Other,48,Northumberland (County),,,,"Notification of Prior Approval - Agricultural building to be used for livestock, including lambing and general hay store",2025-01-04T10:40:39.219485,2025-01-03T06:13:19.864738,2025-01-03T06:13:19.864738,https://www.planit.org.uk/planapplic/Northumberland/24/04430/AGRGDO/,"{'coordinates': [-1.970899, 54.883458], 'type': 'Point'}",-1.970899,54.883458,Northumberland/24/04430/AGRGDO,"{'agent_address': '132 Allerburn Lea Alnwick NE66 2QP', 'agent_company': 'Craig Ross Planning', 'agent_name': 'See source', 'applicant_name': 'See source', 'application_type': 'Agricultural Determination Application', 'case_officer': 'See source', 'comment_url': 'https://publicaccess.northumberland.gov.uk/online-applications/applicationDetails.do?activeTab=makeComment&keyVal=SOXTDRQSGBM00', 'date_received': '2024-12-24', 'date_validated': '2024-12-24', 'decided_by': 'Delegated Decision', 'docs_url': 'https://publicaccess.northumberland.gov.uk/online-applications/applicationDetails.do?activeTab=documents&keyVal=SOXTDRQSGBM00', 'easting': 401965.0, 'lat': 54.88345789983239, 'lng': -1.9708991033633732, 'map_url': 'https://publicaccess.northumberland.gov.uk/online-applications/applicationDetails.do?activeTab=map&keyVal=SOXTDRQSGBM00', 'n_comments': 0, 'n_constraints': 10, 'n_documents': 2, 'n_statutory_days': 28, 'northing': 554301.0, 'parish': 'Healey', 'planning_portal_id': 'PP-13654977', 'source_url': 'https://publicaccess.northumberland.gov.uk/online-applications/search.do?action=advanced', 'status': 'Registered', 'target_decision_date': '2025-01-21', 'ward_name': 'South Tynedale'}",,,Northumberland,2024-12-24,24/04430/AGRGDO,https://publicaccess.northumberland.gov.uk/online-applications/applicationDetails.do?keyVal=SOXTDRQSGBM00&activeTab=summary,True
East Nymph Farm Spreyton EX17 5EA,,Small,Undecided,Outline,510,South West Devon,,,,Certificate of lawfulness for two proposed agricultural buildings (on skids) to house free-range laying hens for the production of eggs.,2025-02-26T08:11:49.012577,2025-02-12T04:18:54.095657,2025-02-25T08:32:21.332499,https://www.planit.org.uk/planapplic/SouthWestDevon/4034/24/CLP/,"{'coordinates': [-3.865018, 50.748734], 'type': 'Point'}",-3.865018,50.748734,SouthWestDevon/4034/24/CLP,"{'applicant_name': 'See source', 'application_type': 'Certificate of Lawfulness for Proposed Use', 'case_officer': 'See source', 'date_received': '2024-12-18', 'date_validated': '2025-01-22', 'decision': 'Pending', 'id_type': 'CLP - Certificate of Lawful Use Proposed', 'map_url': 'https://mapping.swdevon.gov.uk/webmappublic/en-gb/PublicMap/SHWDPlanningSearch?overlayname=Planning%20Applications&schemacolumn=laref&UID=4034/24/CLP', 'n_documents': 4, 'parish': 'Spreyton, South Tawton', 'source_url': 'https://westdevon.planning-register.co.uk/Search/Advanced', 'status': 'Under Consideration', 'ward_name': 'South Tawton, Drewsteignton'}",EX17 5EA,,SouthWestDevon,2024-12-18,4034/24/CLP,https://westdevon.planning-register.co.uk/Planning/Display/4034/24/CLP,False
